Track ID,Track Name,Album Name,Artist Name(s),Duration (ms),Popularity,Genres,Danceability,Energy,Key,Loudness,Speechiness,Acousticness,Instrumentalness,Liveness,Valence,Tempo,Time Signature
5U5ToZKDyfVoXO9BUTVSuI,Superstar,ToyRide,Toy-Box,187866,54,"europop,eurodance",0.693,0.991,6,-2.957,0.0536,0.0291,0.000457,0.971,0.952,140.011,4
0GjEhVFGZW8afUYGChu3Rr,Dancing Queen,Arrival,ABBA,230400,79,,0.543,0.87,9,-6.514,0.0428,0.358,0.000939,0.792,0.754,100.804,4
4ynkIdoOqBt3zsXwIxTIMD,Harder Better Faster Whopper - DiamondBrickZ Remix,Harder Better Faster Whopper (DiamondBrickZ Remix),"Sad Luli,DiamondBrickZ",97097,0,,0.713,0.402,1,-18.393,0.512,0.224,0,0.78,0.907,123.428,4
3Fj47GNK2kUF0uaEDgXLaD,wish you were gay,"WHEN WE ALL FALL ASLEEP, WHERE DO WE GO?",Billie Eilish,221543,70,,0.853,0.351,7,-10.198,0.241,0.39,0.00000938,0.752,0.282,118.028,4
0fv2KH6hac06J86hBUTcSf,NEW MAGIC WAND,IGOR,"Tyler, The Creator",195320,75,,0.621,0.73,5,-5.414,0.107,0.0967,0.000131,0.673,0.464,139.566,4
2bfGNzdiRa1jXZRdfssSzR,Dirty Harry,Demon Days,"Gorillaz,Bootie Brown",230426,68,,0.625,0.877,10,-7.176,0.162,0.0315,0.0811,0.672,0.865,192.296,4
3avYqdwHKEq8beXbeWCKqJ,Last Friday Night (T.G.I.F.),Teenage Dream,Katy Perry,230733,72,pop,0.652,0.81,3,-3.789,0.0406,0.00129,0.0000291,0.667,0.732,126.022,4
7GQqj9jRtDkMp8zByehXQI,Lady Marmalade - From Moulin Rouge Soundtrack,Moulin Rouge,"Christina Aguilera,Lil' Kim,Mýa,P!nk",264846,49,east coast hip hop,0.756,0.808,5,-3.655,0.0541,0.0175,0.00000367,0.66,0.638,109.902,4
4KZAsdL0PeGvmPbSr0hyG4,Government Hooker,Born This Way (Special Edition),Lady Gaga,254266,60,"art pop,pop",0.662,0.798,7,-6.735,0.0356,0.000141,0.0488,0.64,0.511,119.98,4
4w3tQBXhn5345eUXDGBWZG,9 to 5,9 To 5 And Odd Jobs,Dolly Parton,162466,72,country,0.554,0.783,6,-5.852,0.0457,0.416,0.00000154,0.631,0.813,105.39,4
0d28khcov6AiegSCpG5TuT,Feel Good Inc.,Demon Days,Gorillaz,222640,82,,0.818,0.705,6,-6.679,0.177,0.00836,0.00233,0.613,0.772,138.559,4
0hSzixwdKTfDQewDKq2cP5,You Reposted in the Wrong Neighborhood I Glue70 Mashup,You Reposted in the Wrong Neighborhood I Glue70 Mashup,Shokk,196642,48,meme rap,0.805,0.643,10,-13.912,0.232,0.41,0,0.606,0.927,104.047,4
5zA8vzDGqPl2AzZkEYQGKh,Uptown Girl,An Innocent Man,Billy Joel,197706,76,soft rock,0.701,0.944,4,-2.986,0.0455,0.0755,0,0.601,0.792,128.993,4
3hlksXnvbKogFdPbpO9vel,Super Bass,Pink Friday (Complete Edition),Nicki Minaj,200013,74,,0.723,0.86,11,-4.357,0.203,0.271,0.00000456,0.598,0.667,126.979,4
4YTFAawmOFyRjJdT6H95oE,Saint Bernard,A Constant State of Ohio,Lincoln,103343,0,midwest emo,0.695,0.232,1,-11.01,0.0972,0.825,0,0.59,0.451,100.488,4
2cX2coZS1PYBfPs8wgbdWE,More Than A Woman,How Can You Mend A Broken Heart,Bee Gees,196213,63,disco,0.601,0.703,7,-6.24,0.0379,0.175,0.000084,0.571,0.673,106.164,4
3qKunud9sySc8qvQ3i84og,Conceited,"You Still Here, Ho ?",Flo Milli,146854,57,,0.984,0.719,8,-5.119,0.0893,0.0566,0.0000988,0.517,0.437,118.015,4
6kCJMxv445L2okuTiou1fR,Tell Her About It,An Innocent Man,Billy Joel,229200,53,soft rock,0.565,0.894,8,-5.241,0.175,0.00777,0,0.49,0.737,182.262,4
2fXOTtHvyLH3z5PKL5mu5q,Carol of the Toads,The Toad Album,Toad,65384,28,,0.451,0.522,7,-13.881,0.193,0.938,0.189,0.482,0.888,181.143,3
2IvetNzSZMH5gwjInoyr18,It's Raining Men,Success,The Weather Girls,325426,57,,0.69,0.744,1,-12.721,0.0613,0.034,0.598,0.453,0.56,136.918,4
3MjUtNVVq3C8Fn0MP3zhXa,...Baby One More Time,...Baby One More Time (Digital Deluxe Version),Britney Spears,211066,78,pop,0.759,0.699,0,-5.745,0.0307,0.202,0.000131,0.443,0.907,92.96,4
40gk32E7YaTFoQwDIWv2SY,Christmas Kids,I Can't Handle Change,Roar,135693,4,,0.425,0.754,2,-6.028,0.0367,0.0104,0.112,0.438,0.558,152.092,4
1TgCchWmdmmhGrtsa8NHwY,touch tank,flounder,quinnie,179120,57,bedroom pop,0.673,0.497,4,-6.54,0.0417,0.358,0.00000852,0.433,0.476,101.905,4
4LrHrb9fZ39fQsMyUdrQXO,Americano,Born This Way (Special Edition),Lady Gaga,246533,56,"art pop,pop",0.608,0.848,1,-5.086,0.0326,0.000622,0.00000384,0.429,0.337,128.005,4
2kS6td1yvmpNgZTt1q5pQq,Hayloft,O My Heart,Mother Mother,181680,7,,0.527,0.922,9,-2.666,0.0728,0.00475,0.000162,0.422,0.49,95.975,4
2t7RNUa8I8fbZAEAmZOkBl,Cupid,Dinner Is Not Over / There's Something Happening / Keyman / Cupid,Jack Stauber's Micropop,220245,61,,0.572,0.514,3,-6.607,0.0254,0.942,0.814,0.415,0.442,82.841,4
3jdcEfeqNfkb5WCbxyDKfC,Dr. Soulja,Dr. Soulja,MemeFactory,150543,0,,0.6,0.949,7,-2.641,0.118,0.18,0,0.413,0.504,163.91,4
0zhkG1kzcWNnuUCLRcMHFm,Kyle's Mom,Welcome To South Park,XtraGreen_,99030,0,,0.636,0.343,7,-21.868,0.6,0.738,0,0.387,0.946,157.561,4
7FjIYiD53wxlQmzTT6Wdpf,space girl,space girl,Frances Forever,231440,59,bedroom pop,0.669,0.395,9,-9.598,0.03,0.332,0.000196,0.37,0.196,125.979,4
4cacyP5c3PMlfnyjpg13xW,Betty (Get Money),Betty (Get Money),Yung Gravy,146470,58,meme rap,0.723,0.772,1,-6.784,0.0792,0.00524,0.0000115,0.367,0.58,102.004,4
7zPWZKizpVhoJFomeRTcXC,Vagina,Cum Cake,cupcakKe,206256,42,,0.649,0.707,2,-8.545,0.484,0.172,0.000002,0.364,0.328,130.343,5
6x1TTTokRumrQK4qqZONtG,好き好き大好き - 2016 Remaster,好き好き大好き,Jun Togawa,214413,56,,0.767,0.89,0,-4.281,0.0738,0.463,0.0037,0.363,0.859,140.363,4
6VVTOoblmGJDgLJOyOBwDF,Ifuudoudou,Exit Tunes Presents Kamikyoku Wo Utattemita 7,UMETORA,202000,37,vocaloid,0.673,0.942,5,-5.163,0.107,0.00557,0,0.36,0.793,130.003,4
3MyiuGP39OUPKeJJawOEDA,Walk Em Like a Dog,Imma Celebrity,Saucy Santana,185120,42,,0.834,0.637,1,-7.647,0.208,0.14,0,0.36,0.235,95.957,4
0QkWikH5Z3U0f79T9iuF6c,Judas,Born This Way,Lady Gaga,249066,69,"art pop,pop",0.661,0.937,10,-3.83,0.0744,0.000967,0.0000158,0.355,0.535,130.999,4
6KfoDhO4XUWSbnyKjNp9c4,Maniac,Kid Krow,Conan Gray,185773,71,,0.628,0.639,8,-5.46,0.0435,0.00162,0,0.354,0.493,108.045,4
4euAGZTszWPrriggYK0HG9,Lay All Your Love On Me,Super Trouper,ABBA,274466,72,,0.678,0.727,2,-7.844,0.0258,0.117,0.00396,0.354,0.71,133.481,4
5lAnYvAIkSDNXqfo7DyFUm,Ain't Shit,Planet Her,Doja Cat,174253,71,,0.855,0.488,3,-4.601,0.208,0.506,0,0.347,0.619,124.097,4
4xoRJ2BJWRo5kFoEu4BpvC,Sweet Hibiscus Tea,The Junkyard 2,Penelope Scott,145300,52,,0.664,0.283,5,-7.458,0.0498,0.87,0,0.345,0.558,110.375,4
6vFsBXYczYsP0H3lgunZOm,Cloud 9,Honeymoon,Beach Bunny,147350,15,,0.637,0.929,4,-3.593,0.0491,0.00167,0.0000262,0.344,0.902,80.974,4
0VmREvheUiN0xgM5fJYQqp,Body,O My Heart,Mother Mother,213573,0,,0.596,0.633,10,-3.602,0.0594,0.131,0,0.343,0.473,148.09,4
7MwwPyZJ7UKFROj2oVnH6R,Caramelldansen,Supergott (Speedy Mixes),Caramella Girls,175333,62,"nightcore,europop",0.602,0.999,6,-5.236,0.0956,0.0136,0.617,0.341,0.789,164.822,4
7eGAQnxbIHHFtS1p9rmAZ0,Kung Fu Fighting,Kung Fu Fighting,"CeeLo Green,Jack Black",149306,55,,0.681,0.666,4,-10.905,0.0995,0.015,0,0.34,0.239,110.016,4
1KuVEZR4xuQVNr1KkanAV4,The Other Woman,Ultraviolence (Deluxe),Lana Del Rey,181960,68,,0.255,0.468,7,-6.43,0.0317,0.822,0.248,0.339,0.175,111.67,4
2y51QpLzI5qbWfCcSx9Tu1,Wrecking Ball,O My Heart,Mother Mother,194320,4,,0.664,0.797,7,-4.473,0.0362,0.194,0,0.337,0.284,97.004,4
0yNiaePZow0ycdrmLV0J7y,1985,THE INSIDE OUTTAKES,Bo Burnham,146654,63,comedy,0.646,0.724,4,-7.466,0.0475,0.0432,0,0.333,0.894,155.85,4
0efT4YKQLQx2YHbp6vgRX8,Someone New,Hozier,Hozier,222813,51,,0.446,0.533,7,-5.955,0.046,0.427,0.00000326,0.332,0.58,183.81,4
2DNXgvkyv35vTWvdgjs7qn,Someone New,Hozier (Expanded Edition),Hozier,222813,73,,0.443,0.533,7,-5.956,0.0473,0.429,0.00000366,0.332,0.596,183.791,4
2OaTBDbysLmnVG1ZcA3OgC,Molly,Tighter,Mindless Self Indulgence,104880,60,,0.681,0.813,5,-5.169,0.252,0.00523,0.016,0.33,0.808,159.97,4
6eVM9lCmIqwGTUOoeH61Lu,Hug Me,Despicable Me 3 (Original Motion Picture Soundtrack),"Pharrell Williams,Trey Parker",140733,57,,0.842,0.622,0,-5.437,0.0967,0.0684,0,0.33,0.587,139.927,4
3VMzQ4rh7FtfSuyjHIcuZR,Shia LaBeouf Live,Shia LaBeouf Live,Rob Cantor,155000,39,lullaby,0.651,0.664,5,-6.643,0.231,0.704,0,0.329,0.699,95.918,4
1R8kvV2AgNPCA2Pp4Im1Ao,Baby Hotline,Baby Hotline / Tea Errors,Jack Stauber's Micropop,291317,63,,0.74,0.357,0,-9.921,0.0352,0.377,0.047,0.328,0.453,119.973,4
1SXuOan5v9G1mM7X0ieXrM,Die In a Fire (feat. EileMonty & Orko),Die In A Fire,"The Living Tombstone,Eile Monty,Orko",185477,54,psytrance,0.535,0.672,3,-4.417,0.0699,0.0275,0,0.327,0.521,110.048,4
1wfa3vAiIAbSxHbzKoSPuS,Why Does the Sun Shine?,Here Comes Science,They Might Be Giants (For Kids),156826,24,children's music,0.394,0.872,5,-4.854,0.0722,0.000585,0.00117,0.322,0.595,180.155,4
4xqrdfXkTW4T0RauPLv3WA,Heather,Kid Krow,Conan Gray,198040,80,,0.357,0.425,5,-7.301,0.0333,0.584,0,0.322,0.27,102.078,3
0TcJ7QWpggdSg8t0fHThHm,LoveGame,The Fame,Lady Gaga,216333,67,"art pop,pop",0.894,0.678,6,-5.611,0.0523,0.00569,0.00000243,0.317,0.844,105.029,4
6SZwj6cjc8JQbkrr8cbIUn,Oh Klahoma,Pop Food,Jack Stauber,185223,62,,0.697,0.401,7,-10.216,0.0543,0.43,0.0109,0.316,0.478,108.996,4
4wQmwPWCUn6gi11Gep2qsP,IT GIRL,IT GIRL,Aliyah's Interlude,161760,3,,0.969,0.707,1,-5.509,0.258,0.00822,0,0.314,0.421,124.991,4
4C6Uex2ILwJi9sZXRdmqXp,Super Freaky Girl,Super Freaky Girl,Nicki Minaj,170977,64,,0.95,0.891,2,-2.653,0.241,0.0645,0.0000177,0.309,0.912,133.01,4
0QEbJA017ycE5v7SExu0nT,Lone Star,Talon Of The Hawk,The Front Bottoms,230050,55,"midwest emo,folk punk,emo",0.395,0.921,4,-6.041,0.0622,0.0647,0.0000347,0.307,0.811,148.513,4
5hgnY0mVcVetszbb85qeDg,Partition,BEYONCÉ [Platinum Edition],Beyoncé,319466,65,,0.418,0.441,11,-11.522,0.283,0.029,0.0707,0.306,0.172,175.928,4
4xdBrk0nFZaP54vvZj0yx7,HOT TO GO!,The Rise and Fall of a Midwest Princess,Chappell Roan,184841,79,,0.742,0.757,6,-4.981,0.0421,0.0187,0,0.305,0.957,139.982,4
4Hff1IjRbLGeLgFgxvHflk,DARE,Demon Days,Gorillaz,244999,74,,0.76,0.891,11,-5.852,0.0372,0.0229,0.0869,0.298,0.966,120.264,4
37mfTcSlX60JtAvAETytGs,Choke,Choke,I DONT KNOW HOW BUT THEY FOUND ME,195717,61,,0.516,0.85,4,-3.909,0.0706,0.00139,0,0.296,0.583,120.324,4
0HPD5WQqrq7wPWR7P7Dw1i,TiK ToK,Animal (Expanded Edition),Kesha,199693,79,,0.755,0.837,2,-2.718,0.142,0.0991,0,0.289,0.714,120.028,4
2mlGPkAx4kwF8Df0GlScsC,Buttercup,Pop Food,Jack Stauber,208026,61,,0.705,0.373,7,-9.066,0.0384,0.723,0.81,0.289,0.551,120.046,4
56KqaFSGTb7ifpt16t5Y1N,Rock the Casbah - Remastered,Combat Rock (Remastered),The Clash,222426,70,punk,0.797,0.872,9,-6.727,0.0575,0.291,0,0.284,0.866,129.885,4
1OAp6qN5KmoGUQ2edICKsC,Ghost Rule,GHOST,DECO*27,210000,53,"vocaloid,j-pop",0.564,0.894,2,-4.596,0.0601,0.0279,0,0.281,0.472,104.955,4
5hlPrSCx9BvnQ3rCTkblMZ,High,Angel Face,Stephen Sanchez,161567,66,,0.432,0.714,6,-7.933,0.0384,0.0876,0.000788,0.27,0.322,176.009,4
37adYGaYaAWTGhBaOzX4Fh,Take A Slice,How To Be A Human Being,Glass Animals,229717,67,,0.623,0.661,9,-7,0.1,0.0212,0.000229,0.267,0.63,151.97,4
0i29E9ZhnHmwWqUTJ9vsnI,What the World Needs,Ride the Cyclone: The Musical (World Premiere Cast Recording),"Tiffany Tatreau,Lillian Castillo,Chaz Duffy,Scott Redmond,Emily Rohm,The Ride the Cyclone World Premiere Cast Recording Ensemble,Kholby Wardell",183549,49,musicals,0.757,0.635,8,-9.316,0.313,0.235,0,0.267,0.669,100.055,4
0IkKz2J93C94Ei4BvDop7P,Party Rock Anthem,Sorry For Party Rocking,"LMFAO,Lauren Bennett,GoonRock",262173,65,,0.75,0.727,5,-4.21,0.142,0.0188,0,0.266,0.359,129.992,4
5NvOZCjZaGGGL597exlQWv,Line Without a Hook,Montgomery Ricky,Ricky Montgomery,249586,75,,0.432,0.652,8,-4.969,0.0285,0.262,0,0.258,0.507,190.028,3
39sDitIeCMrVX2QyXHY46t,Blue Hair,Death of a Party Girl,TV Girl,217000,78,,0.751,0.72,4,-6.376,0.0303,0.554,0.0497,0.258,0.884,135.73,4
0NTMtAO2BV4tnGvw9EgBVq,Bitch Better Have My Money,Bitch Better Have My Money,Rihanna,219305,70,,0.781,0.728,1,-4.981,0.0621,0.0509,0.00000194,0.257,0.395,102.99,4
5232eQbr64X24Ldov9Ttmj,Sex Offender Shuffle,Sex Offender Shuffle,Lil Saad,236583,0,,0.868,0.533,5,-14.252,0.375,0.19,0,0.257,0.675,104.969,4
2Lhdl74nwwVGOE2Gv35QuK,Cupid's Chokehold / Breakfast in America,The Papercut Chronicles,Gym Class Heroes,243773,71,,0.72,0.744,1,-6.938,0.12,0.237,0,0.255,0.619,78.953,4
1oHNvJVbFkexQc0BpQp7Y4,Starships,Pink Friday ... Roman Reloaded,Nicki Minaj,210626,69,,0.747,0.716,11,-2.457,0.0751,0.135,0,0.251,0.751,125.006,4
2IVsRhKrx8hlQBOWy4qebo,Mr. Loverman,Montgomery Ricky,Ricky Montgomery,216880,77,,0.639,0.526,0,-6.697,0.0256,0.245,0.0000243,0.25,0.488,130.033,3
57j65yC2HggQfmYNc6rdOK,bad idea!,bad idea!,girl in red,219638,67,bedroom pop,0.513,0.807,1,-6.095,0.0481,0.0289,0.0548,0.246,0.419,162.026,4
7lOvJBqH38ZY59eLU7bioq,all I want is you,all I want is you,"Rebzyyx,hoshie star",151415,67,hyperpop,0.46,0.999,11,-1.307,0.325,0.112,0,0.245,0.779,145.911,4
1Y2583xYzwiEXDetAB7H1Q,Sex with a Ghost,Sock-Footed,Teddy Hyde,240229,59,,0.48,0.329,11,-12.487,0.0329,0.874,0.00165,0.244,0.385,80.375,4
4sNwdacKyi2S26WrRtNama,Oh No!,The Family Jewels,MARINA,182586,66,,0.77,0.896,0,-3.971,0.039,0.0539,0,0.243,0.964,126.999,4
6I9VzXrHxO9rA9A5euc8Ak,Toxic,In The Zone,Britney Spears,198800,78,pop,0.774,0.838,5,-3.914,0.114,0.0249,0.025,0.242,0.924,143.04,4
607k4fZHtv9fBHc8HAA8dy,Let the Weed Bun,Nah Leave Me Corner,"Taiwan MC,Davojah",319294,47,"ragga,dub,reggae,dancehall",0.813,0.71,10,-5.24,0.0493,0.0591,0.0000124,0.239,0.931,152.024,4
1uNePI826aqh9uC9pgbeHU,Tia Tamera (feat. Rico Nasty),Amala (Deluxe Version),"Doja Cat,Rico Nasty",211013,67,,0.822,0.654,0,-4.623,0.132,0.019,0,0.233,0.421,119.884,4
2ItNKt19iqefEe590Z9GeE,Five Nights at Freddy's,Five Nights at Freddy's,The Living Tombstone,165831,63,,0.491,0.771,9,-5.037,0.041,0.00149,0.000262,0.232,0.242,103.005,4
1ZBhrIxwuiDVB0NDkyekgN,るるちゃんの自殺配信,児童カルテ,Shinsei Kamattechan,239255,48,anime,0.357,0.873,0,-4.59,0.0375,0.00233,0.00000157,0.229,0.858,198.156,4
2EEeOnHehOozLq4aS0n6SL,iSpy (feat. Lil Yachty),iSpy (feat. Lil Yachty),"KYLE,Lil Yachty",253106,62,,0.746,0.653,7,-6.745,0.289,0.378,0,0.229,0.672,75.016,4
0fO1pBw5d9elBhAo0OleA0,7 Weeks & 3 Days,Over You,yungatita,194000,66,,0.614,0.734,11,-8.834,0.0277,0.24,0.122,0.227,0.662,129.974,4
4cS2HQ6jK80vqdY9ofpztx,She Wolf,She Wolf (Expanded Edition),Shakira,188866,17,"latin pop,latin",0.865,0.69,7,-7.448,0.0443,0.285,0.0162,0.225,0.867,121.983,4
2HbKqm4o0w5wEeEFXm2sD4,Money Trees,"good kid, m.A.A.d city","Kendrick Lamar,Jay Rock",386906,78,"hip hop,west coast hip hop",0.716,0.531,7,-7.355,0.122,0.0703,0,0.224,0.344,71.994,4
57bgtoPSgt236HzfBOd8kj,Thunderstruck,The Razors Edge,AC/DC,292880,80,"rock,hard rock,classic rock,rock and roll",0.502,0.89,4,-5.175,0.0364,0.000147,0.0117,0.217,0.259,133.52,4
45hOioMDJktr86iKDHC8gr,Girlfriend,The Best Damn Thing (Expanded Edition),Avril Lavigne,216600,71,,0.56,0.959,7,-2.433,0.102,0.000722,0.000221,0.209,0.669,163.983,4
3n69hLUdIsSa1WlRmjMZlW,Breezeblocks,An Awesome Wave,alt-J,227080,65,"indie,indie rock",0.615,0.658,5,-7.299,0.0343,0.096,0.000911,0.205,0.293,150.093,4
6Slt6WiWnriaqCb8xXb2ZT,Did It On’em,Pink Friday,Nicki Minaj,212346,61,,0.563,0.414,7,-7.032,0.349,0.0445,0,0.204,0.474,155.829,4
2jATUzETZL49e6SywauZKE,Va Va Voom,Pink Friday ... Roman Reloaded (Deluxe),Nicki Minaj,183560,68,,0.648,0.836,8,-3.394,0.0316,0.0625,0.00995,0.202,0.705,126.889,4
1zyGFId8xHOcRmCmehrwlc,I Can't Decide,Ta-Dah,Scissor Sisters,166573,60,,0.69,0.795,3,-4.956,0.0312,0.255,0,0.202,0.872,96.99,4
077qEEBwExEVb7FY7s22QW,Da Biggest Bird,Da Biggest Bird,Saint Mercat∅r,139991,17,,0.641,0.733,1,-6.705,0.0865,0.604,0,0.2,0.695,137.973,4
4Zcz6saEkOII3PlXd9gN3o,Hermit the Frog,The Family Jewels,MARINA,215960,60,,0.609,0.679,0,-4.545,0.0312,0.243,0,0.199,0.487,122.034,4
5cXtT63OTadsjqfRkm5Dwd,Deepthroat,Cum Cake,cupcakKe,199296,55,,0.93,0.65,0,-6.896,0.259,0.184,0.0000492,0.198,0.403,98.023,4
4QdX6pmNnJ5cleufWQIr5D,Shut Up And Drive,Good Girl Gone Bad,Rihanna,212280,62,,0.734,0.826,1,-4.909,0.0349,0.00101,0.129,0.197,0.74,132.96,4
2yLa0QULdQr0qAIvVwN6B5,...Ready For It?,reputation,Taylor Swift,208186,74,,0.613,0.764,2,-6.509,0.136,0.0527,0,0.197,0.417,160.015,4
37s8uwIjw72XfMseKJXNOO,Rockefeller Street (New Nightcore) [#Rockefellerstreet Remix],Rockefeller Street (New Nightcore) [#Rockefellerstreet Remix],Getter Jaani,155008,58,nightcore,0.659,0.936,2,-3.519,0.0606,0.283,0.0207,0.192,0.884,161.983,4
50TdhefCzc0YUBbJTcJdgC,Drive-Thru of Burger King,Drive-Thru of Burger King,Saint BeDa,119040,39,,0.534,0.477,4,-7.815,0.437,0.883,0,0.19,0.454,93.156,4
0HYAsQwJIO6FLqpyTeD3l6,死ぬのがいいわ,HELP EVER HURT NEVER,Fujii Kaze,185573,59,j-pop,0.6,0.76,6,-6.123,0.0451,0.167,0.0000407,0.189,0.519,158.075,4
2ZBNclC5wm4GtiWaeh0DMx,Single Ladies (Put a Ring on It),I AM...SASHA FIERCE,Beyoncé,193213,59,,0.426,0.584,1,-5.293,0.296,0.0383,0,0.188,0.272,193.437,4
3jcZhY8ncLIr112Hb4jTYi,Toad Sings We Will Rock You,The Toad Album,Toad,124743,39,,0.86,0.38,7,-12.311,0.168,0.867,0.0000183,0.186,0.199,80.029,4
06DPYEqSX1jMaxvnXNVshB,Sensitive,Sensitive,Dreamer Isioma,174720,57,alternative r&b,0.612,0.616,7,-7.836,0.116,0.194,0.0000713,0.185,0.372,89.66,4
180MVaidIYWpB1MSYEv5BI,Dumb Ways to Die,Dumb Ways to Die,Tangerine Kitty,180022,52,,0.752,0.415,0,-8.575,0.0317,0.667,0,0.185,0.437,127.798,4
7j31rVgGX9Q2blT92VBEA0,Teenagers,The Black Parade,My Chemical Romance,161920,74,"emo,pop punk,emo pop",0.463,0.857,4,-3.063,0.0632,0.0506,0,0.184,0.856,111.647,4
7tqhbajSfrz2F7E1Z75ASX,Ain't No Mountain High Enough,United,"Marvin Gaye,Tammi Terrell",151666,78,"motown,soul,northern soul,quiet storm",0.663,0.6,7,-10.87,0.032,0.43,0,0.184,0.797,129.987,4
6jG2YzhxptolDzLHTGLt7S,Drunk in Love (feat. JAY-Z),BEYONCÉ [Platinum Edition],"Beyoncé,JAY-Z",323480,67,"hip hop,east coast hip hop,rap",0.583,0.621,5,-6.902,0.0479,0.00972,0.00106,0.181,0.399,140.036,4
1tmRlF5pFo8G5OfJYUjWrR,Touch-Tone Telephone,Spirit Phone,Lemon Demon,282732,52,,0.625,0.71,0,-8.577,0.0535,0.196,0.0012,0.181,0.573,160.147,4
6KOEK6SeCEZOQkLj5M1PxH,California Gurls,Teenage Dream,"Katy Perry,Snoop Dogg",234653,70,"pop,g-funk,west coast hip hop,gangster rap,hip hop,rap",0.789,0.753,0,-3.71,0.0537,0.0038,0,0.18,0.403,125.007,4
2iTma4kHADFcTlR24R8hIP,Dog Nightmare,Pop Food,Jack Stauber,175677,45,,0.7,0.448,4,-13.016,0.11,0.743,0.458,0.179,0.731,153.992,4
3la5OesvyTzhCuIhnkJT4E,Touch-Tone Telephone,Spirit Phone,Lemon Demon,282736,52,,0.626,0.701,0,-8.923,0.0496,0.179,0.000441,0.177,0.566,160.148,4
49qujGctHLuEXF35sWwG2c,The Ballad of Jane Doe,Ride the Cyclone: The Musical (World Premiere Cast Recording),"Emily Rohm,The Ride the Cyclone World Premiere Cast Recording Ensemble",299680,52,musicals,0.33,0.285,5,-12.513,0.0393,0.642,0,0.177,0.156,119.555,3
3J3el7ujZSlcnEzpRbMokZ,Poop and Fart,Poop and Fart,Peter Chao,269088,37,,0.837,0.574,5,-7.979,0.0717,0.0194,0.00000323,0.176,0.723,130.067,4
2PpruBYCo4H7WOBJ7Q2EwM,Hey Ya!,Speakerboxxx/The Love Below,Outkast,235213,77,"southern hip hop,hip hop",0.727,0.974,4,-2.261,0.0664,0.103,0.000532,0.174,0.965,79.526,4
1BHse4ulQefGTZZIeziZqr,Good Lookin',Good Lookin',Dixon Dallas,166839,54,,0.756,0.555,7,-6.528,0.0286,0.196,0,0.174,0.543,106.968,4
3H9GJ6fKk7I2jxzcjGB3vh,4 BIG GUYS,DIGBARGAYRAPS THE ALBUM,DigBar,109644,52,meme rap,0.775,0.852,2,-4.165,0.28,0.119,0,0.172,0.375,125.913,4
5fhVoFfw15NZKkrVpIZ4QW,Fortnite Balls,Fortnite Balls,StinkySergeant,91728,0,,0.816,0.863,4,0.404,0.529,0.236,0,0.17,0.653,120.065,4
463r5bsN1VqGXtaMctn4Rr,It's Been So Long,It's Been So Long,The Living Tombstone,174394,65,,0.564,0.647,10,-6.759,0.0407,0.114,0,0.17,0.458,95.923,4
2VOomzT6VavJOGBeySqaMc,Disturbia,Good Girl Gone Bad: Reloaded,Rihanna,238626,75,,0.707,0.814,11,-4.509,0.0577,0.0861,0,0.168,0.717,124.921,4
3RKjTYlQrtLXCq5ncswBPp,"Hey, Mickey!","Hey, Mickey!",Baby Tate,115555,62,,0.912,0.507,2,-11.952,0.0587,0.579,0,0.167,0.725,134.978,4
15RSD04RKmM1fjrBONNtqK,Chug Jug With You (Number One Victory Royale),Chug Jug With You (Number One Victory Royale),LeviathanJPTV,185084,46,,0.616,0.587,4,-9.911,0.486,0.706,0,0.163,0.478,117.522,4
1Je1IMUlBXcx1Fz0WE7oPT,Wannabe,Spice,Spice Girls,173026,76,,0.768,0.864,11,-6.149,0.0324,0.101,0,0.162,0.891,110.009,4
1rRwwqteLePmi70PGaC8ah,Arms Tonite,O My Heart,Mother Mother,216666,0,,0.687,0.646,4,-3.841,0.039,0.0973,0.000593,0.161,0.323,139.978,4
1Qrg8KqiBpW07V7PNxwwwL,Kill Bill,SOS,SZA,153946,82,r&b,0.644,0.735,8,-5.747,0.0391,0.0521,0.144,0.161,0.418,88.98,4
3W2s12opBKPQrUkTyj98MI,Dinner Is Not Over,Dinner Is Not Over / There's Something Happening / Keyman / Cupid,Jack Stauber's Micropop,280350,52,,0.718,0.646,3,-7.602,0.0318,0.698,0.00832,0.161,0.446,130.091,4
32XPs7Frm2dQRI4BraStaX,Problems,Eureka,Mother Mother,207533,60,,0.629,0.85,1,-3.653,0.0261,0.00802,0.0284,0.155,0.525,104.034,4
2s0ouHqJebHfiQ6C1GUFJd,Milkshake - Radio Mix,Tasty,Kelis,182626,52,,0.891,0.77,1,-6.124,0.0439,0.00862,0.0315,0.155,0.819,112.997,4
2gam98EZKrF9XuOkU13ApN,Promiscuous,Loose,"Nelly Furtado,Timbaland",242293,80,,0.808,0.97,10,-6.098,0.0504,0.0573,0.0000617,0.154,0.868,114.328,4
4IRHwIZHzlHT1FQpRa5RdE,Goodbye Yellow Brick Road - Remastered 2014,Goodbye Yellow Brick Road (Remastered),Elton John,192826,70,,0.559,0.473,5,-7.712,0.0279,0.446,0.00141,0.154,0.397,121.227,4
5JKnYZOhSP7rOK0jPYcCjV,t r a n s p a r e n t s o u l feat. Travis Barker,lately I feel EVERYTHING,"WILLOW,Travis Barker",168398,58,rap rock,0.374,0.83,11,-5.203,0.0584,0.00213,0,0.15,0.204,90.19,4
266Vb7ItE3o1q8HdJ9QOvn,Verbatim,Touch Up,Mother Mother,168320,1,,0.827,0.58,7,-6.809,0.327,0.309,0,0.148,0.492,78.011,4
0mO6oS60RST2sWmN2FKknP,One More Hour,The Slow Rush,Tame Impala,432560,68,"indie,psychedelic pop",0.647,0.398,4,-8.63,0.0283,0.108,0.107,0.148,0.32,102.029,4
76mIubQORy7hAXld3mavAN,Toad Sings Hallelujah Chorus,The Toad Album,Toad,240600,23,,0.506,0.253,2,-14.556,0.0334,0.912,0.88,0.147,0.424,100.872,4
3GYlZ7tbxLOxe6ewMNVTkw,TV,Guitar Songs,Billie Eilish,281380,80,,0.412,0.236,4,-15.159,0.0379,0.83,0.00653,0.147,0.119,140.214,4
1hz7SRTGUNAtIQ46qiNv2p,"GONE, GONE / THANK YOU",IGOR,"Tyler, The Creator",375386,73,,0.518,0.492,10,-8.436,0.193,0.216,0.0012,0.146,0.471,78.848,4
5FXn5JHL50tDPMITGun9zh,Girls In Bikinis,Am I A Girl?,Poppy,145272,54,,0.886,0.893,6,-2.713,0.0612,0.116,0.0737,0.145,0.814,116.01,4
5toKOQ86ydhA5UJ8DfENzy,Running Away,Running Away,"VANO 3000,BADBADNOTGOOD,Samuel T. Herring",111786,57,,0.614,0.687,7,-10.877,0.0415,0.687,0.874,0.145,0.704,93.25,4
4QEIx7L0dxINrkJLCuQZGS,Whopper Whopper,You Rule. Jingles,Burger King,60060,47,,0.841,0.558,2,-12.037,0.103,0.196,0,0.143,0.816,105.042,4
1pNUmVxDiE8t6P1XxcZAv8,Scrawny,Nothing Happens,Wallows,166520,60,indie,0.639,0.816,6,-5.28,0.0485,0.000985,0.0604,0.141,0.802,138.008,4
6xGruZOHLs39ZbVccQTuPZ,Glimpse of Us,Glimpse of Us,Joji,233456,42,,0.44,0.317,8,-9.258,0.0531,0.891,0.00000478,0.141,0.268,169.914,3
3cHyrEgdyYRjgJKSOiOtcS,Timber,Global Warming: Meltdown (Deluxe Version),"Pitbull,Kesha",204160,80,,0.581,0.963,11,-4.087,0.0981,0.0295,0,0.139,0.788,129.992,4
11ozIUBoXAgRTVWelDn4pL,Lights,An Introduction To Ellie Goulding EP,Ellie Goulding,244266,63,,0.703,0.731,8,-6.283,0.0311,0.0721,0.00191,0.138,0.719,120.028,4
1ib6RVMWSb3X4eFBFQryYW,Put Me In A Movie,Put Me In A Movie,SLX1PUD,193724,0,,0.641,0.504,8,-8.156,0.0285,0.533,0.000215,0.138,0.459,83.01,4
5aIVCx5tnk0ntmdiinnYvw,Water,Water,Tyla,200255,80,afrobeats,0.673,0.722,3,-3.495,0.0755,0.0856,0,0.137,0.519,117.187,4
4ycLiPVzE5KamivXrAzGFG,Fuck You,The Lady Killer,CeeLo Green,222933,61,,0.69,0.834,0,-5.79,0.0566,0.129,0,0.136,0.738,127.43,4
4hNPMfFHauPIbOKvdYqFt7,O Green World,Demon Days,Gorillaz,275000,59,,0.672,0.768,0,-7.718,0.0347,0.00201,0.905,0.136,0.858,122.583,4
63vL5oxWrlvaJ0ayNaQnbX,Istanbul (Not Constantinople),Flood,They Might Be Giants,153813,59,,0.688,0.748,5,-9.39,0.0377,0.0801,0.00453,0.136,0.892,114.144,4
5jzKL4BDMClWqRguW5qZvh,Teenage Dream,Teenage Dream,Katy Perry,227741,70,pop,0.719,0.798,10,-4.582,0.0361,0.0162,0.00000234,0.134,0.591,120.012,4
1jfuVPq6VwKsebnMIlprsd,Tight Pants / Body Rolls,Back 2 Back Palz,Leslie Hall,180373,24,,0.856,0.579,0,-6.764,0.276,0.126,0,0.134,0.648,141.923,4
2BY7ALEWdloFHgQZG6VMLA,Brandy (You're a Fine Girl),Looking Glass,Looking Glass,186826,72,,0.716,0.625,1,-11.369,0.0601,0.396,0.0000197,0.134,0.826,125.276,4
6sUQqRmOcRyAG5M3EWXzr3,Don't Lose Ur Head,Six: The Musical (Studio Cast Recording),"SIX,Christina Modestou",245303,60,musicals,0.859,0.605,7,-7.635,0.357,0.251,0,0.132,0.722,82.91,4
0xmjwnQ3FNE6HuWCt2nHdZ,Where Is The Love?,Elephunk,Black Eyed Peas,272533,75,,0.834,0.699,5,-3.222,0.178,0.111,0,0.131,0.809,94.086,4
2SpEHTbUuebeLkgs9QB7Ue,Jolene,Jolene,Dolly Parton,161533,66,country,0.674,0.537,1,-10.971,0.0363,0.566,0,0.131,0.809,110.578,4
2Cmth2GiA4UsABtEvYsCM1,The New Periodic Table Song,The New Periodic Table Song,AsapSCIENCE,169255,47,,0.559,0.423,7,-7.183,0.0727,0.817,0,0.13,0.916,82.549,4
468BsK9sjyvH3vQFfRbBwD,No Mercy (feat. BlackGryph0n & LittleJayneyCakes),No Mercy,"The Living Tombstone,Black Gryph0n,LittleJayneyCakes",154465,53,,0.635,0.621,2,-5.936,0.0288,0.0466,0,0.128,0.844,105.047,4
1D066zixBwqFYqBhKgdPzp,Fergalicious,The Dutchess,"Fergie,will.i.am",292373,63,,0.906,0.583,8,-7.721,0.317,0.0569,0,0.126,0.829,129.056,4
2ISUiwj8xXqHeUFcen0AIU,Grow A Pear,Cannibal (Expanded Edition),Kesha,208866,56,,0.863,0.667,0,-3.891,0.0508,0.0154,0.000341,0.125,0.892,120.011,4
06PCCNRFyQDLo2TnNZsVDA,Minecraft Won't Add Inches to Your Cock,Black Man of Steal,Rucka Rucka Ali,188104,41,"comedy,meme rap",0.561,0.813,2,-5.019,0.0928,0.0475,0,0.125,0.516,151.964,4
0ybMBs8mKdAP9WSnFTiZvs,ASGORE,UNDERTALE Soundtrack,Toby Fox,156000,57,soundtrack,0.512,0.902,2,-11.668,0.0385,0.00431,0.751,0.125,0.688,114.849,4
52BJrldggFQyTiW8XrILhO,In The Party,"Ho, why is you here ?",Flo Milli,137361,57,,0.919,0.609,9,-5.059,0.262,0.0096,0,0.124,0.418,134.992,4
6nqHzwOdGIaX57U6VU6kMO,"Symphony No. 9 in E Minor, Op. 95, B. 178 From the New World: IV. Allegro con fuoco","Dvorák: Symphony No. 9 in E Minor, Op. 95, B. 178 From the New World / Smetana: The Moldau","Antonín Dvořák,Wiener Philharmoniker,Herbert von Karajan",685000,51,"classical,chamber music,orchestra,opera,requiem",0.236,0.163,4,-15.639,0.0348,0.901,0.737,0.124,0.114,141.518,4
5E30LdtzQTGqRvNd7l6kG5,Daddy Issues,Wiped Out!,The Neighbourhood,260173,80,,0.588,0.521,10,-9.461,0.0329,0.0678,0.149,0.123,0.337,85.012,4
4dvjEKAqEvJa80MPFMLMf2,We Found Love,We Found Love (In A Hopeless Place),In A Hopeless Place,215742,47,,0.765,0.799,6,-5.121,0.0506,0.12,0.0000182,0.122,0.482,127.97,4
2dBwB667LHQkLhdYlwLUZK,Summertime Sadness,Born To Die - The Paradise Edition,Lana Del Rey,265427,61,,0.565,0.654,1,-6.826,0.0335,0.0542,0.0000018,0.122,0.235,111.968,4
2jnOUdpaFKr9koG1Vtbj6v,Everything Stays (feat. Olivia Olson),"Adventure Time, Vol. 3 (Original Soundtrack)","Adventure Time,Olivia Olson",95058,60,,0.475,0.102,7,-17.592,0.0432,0.94,0.00000178,0.122,0.347,85.168,4
4wH4dJgrsxONID6KS2tDQM,Maneater,Loose,Nelly Furtado,258893,78,,0.796,0.778,6,-4.81,0.0397,0.0258,0.000386,0.121,0.789,132.724,4
0r2Bul2NuCViraT2zX1l5j,Get Low,Kings Of Crunk,"Lil Jon & The East Side Boyz,Ying Yang Twins",334066,69,"crunk,southern hip hop",0.521,0.625,1,-7.47,0.067,0.0301,0,0.121,0.136,101.019,4
0vf2eBw2inhl8y61cYQMv2,Devil Town,Cavetown,Cavetown,179955,67,bedroom pop,0.576,0.759,3,-8.165,0.0599,0.12,0,0.121,0.501,99.969,4
3DarAbFujv6eYNliUTyqtz,Kiss Me More (feat. SZA),Planet Her,"Doja Cat,SZA",208666,79,r&b,0.764,0.705,8,-3.463,0.0284,0.259,0.0000892,0.12,0.781,110.97,4
5Vnx5i9VJSZ6ayfK6jncf8,一翦梅,天之大,Fei Yu-ching,234866,51,"mandopop,c-pop,taiwanese pop",0.29,0.482,6,-8.207,0.035,0.145,0.000171,0.12,0.247,141.459,4
3GiJq4AQK7324mfIQbpiTf,Custer,.5: The Gray Chapter (Special Edition),Slipknot,254466,69,"nu metal,metal,alternative metal,rap metal,heavy metal",0.407,0.98,7,-1.58,0.107,0.00174,0.000112,0.119,0.537,131.066,4
3EaJDYHA0KnX88JvDhL9oa,Dark Red,Dark Red,Steve Lacy,173104,80,,0.603,0.784,6,-4.023,0.062,0.446,0.00000832,0.119,0.769,172.041,4
7corSqnjU5bX09ZXy3nhVD,君はできない子,きくおミク3,Kikuo,261600,58,vocaloid,0.681,0.839,9,-5.398,0.0286,0.0593,0.000014,0.119,0.758,128.018,4
4Rsv5fRmgTH88RLp7xN5sz,Break,1234,alex_g_offline,177028,69,,0.473,0.452,9,-14.238,0.0267,0.0316,0.859,0.119,0.48,79.318,4
7EDcAz6iuKSkxH4VcC3Oko,I Wait for You,1234,alex_g_offline,158104,71,,0.594,0.304,7,-14.389,0.036,0.956,0.00579,0.119,0.308,122.636,4
0Bq0OZoSo05djGSp80EDoo,I'm Yer Dad,Daddy,GRLwood,144108,54,,0.551,0.953,0,-4.695,0.17,0.0106,0.474,0.118,0.177,128.459,4
6dOtVTDdiauQNBQEDOtlAB,BIRDS OF A FEATHER,HIT ME HARD AND SOFT,Billie Eilish,210373,93,,0.747,0.507,2,-10.171,0.0358,0.2,0.0608,0.117,0.438,104.978,4
1CS7Sd1u5tWkstBhpssyjP,Take Me to Church,Hozier (Expanded Edition),Hozier,241693,76,,0.566,0.664,4,-5.303,0.0464,0.634,0,0.116,0.437,128.945,4
1Xtz05nIgJiEYdncfd1w8h,Soledad y el Mar (feat. Los Macorinos),"Musas (Un Homenaje al Folclore Latinoamericano en Manos de Los Macorinos, Vol. 1)","Natalia Lafourcade,Los Macorinos",214546,61,"latin folk,bolero,latin indie,latin alternative,trova",0.726,0.177,1,-14.824,0.0353,0.896,0.00000214,0.116,0.618,92.934,4
5uN1hNNxRAB9VGaKNRQPQO,Hail Gnaw,Hail Gnaw,Dissinfectant Wipes,188000,0,,0.929,0.261,0,-15.611,0.465,0.796,0,0.116,0.529,120.002,3
35mBYyB61qTcGGj7MXIRM1,Cpr,Queen Elizabitch,cupcakKe,208463,58,,0.814,0.754,7,-7.571,0.113,0.0347,0.00105,0.115,0.534,103.028,4
4qG7hWhljsqqENL5PaLA2z,Let The Light In (feat. Father John Misty),Did you know that there's a tunnel under Ocean Blvd,"Lana Del Rey,Father John Misty",278126,74,chamber pop,0.335,0.44,9,-9.748,0.0275,0.385,0.00251,0.115,0.198,132.449,4
2iQYqdalv245vrCEM4W9N9,NFWMB,Nina Cried Power - EP,Hozier,259253,50,,0.379,0.373,3,-12.176,0.0309,0.895,0.0718,0.115,0.352,176.002,1
5dIwNqohJfrs1SaOxxI99y,My Marmalade (TikTok Version),My Marmalade (TikTok Version),Katya Lel,201000,3,,0.755,0.716,2,-4.226,0.0482,0.0215,0.00000118,0.114,0.89,134.432,4
0thLhIqWsqqycEqFONOyhu,Lone Digger,<|º_º|>,Caravan Palace,229804,0,"electro swing,swing music,nu jazz",0.769,0.924,5,-5.263,0.051,0.596,0.0156,0.114,0.88,123.989,4
1CZgbcEZEhHH28HcBFvQIW,Never Ever Getting Rid of Me,Waitress (Original Broadway Cast Recording),"Christopher Fitzgerald,Kimiko Glenn,Waitress Original Broadway Cast Ensemble",136200,59,musicals,0.622,0.542,7,-6.215,0.051,0.387,0,0.114,0.939,174.494,4
6SpLc7EXZIPpy0sVko0aoU,Misery Business,Riot!,Paramore,211520,71,"pop punk,emo,emo pop",0.517,0.906,1,-3.677,0.0735,0.00272,0.00000926,0.113,0.731,172.977,4
1yYlpGuBiRRf33e1gY61bN,Night Shift,Historian,Lucy Dacus,391829,62,,0.48,0.311,9,-7.887,0.0258,0.313,0.0000152,0.113,0.162,86.15,4
10nyNJ6zNy2YVYLrcwLccB,No Surprises,OK Computer,Radiohead,229120,78,"art rock,alternative rock",0.255,0.393,5,-10.654,0.0278,0.0577,0.00361,0.113,0.118,76.426,4
7bPWdJgx8vek7S5i5yAtvG,Chemtrails Over The Country Club,Chemtrails Over The Country Club,Lana Del Rey,271176,75,,0.334,0.276,4,-13.125,0.0643,0.877,0.000249,0.113,0.429,201.025,3
45i70K1PefHafKui2WxH0M,Oh Ana,Touch Up,Mother Mother,197080,0,,0.512,0.525,5,-7.152,0.0429,0.672,0.0000166,0.112,0.337,128.054,4
5ZXvCHbKFP2uIoCyXF30xI,I Can't Fix You (feat. Crusher-P),I Can't Fix You,"The Living Tombstone,Crusher-P",278742,56,vocaloid,0.461,0.795,1,-4.813,0.0462,0.0000455,0.106,0.111,0.364,174.02,4
0wH55ChKuoZkmGhbIYtOI4,All The Things She Said,All The Things She Said,Poppy,221498,51,,0.568,0.833,1,-5.026,0.0497,0.0036,0.000174,0.111,0.531,90.036,4
709p9UGPAuyImWf1Z3vjRo,Let You Break My Heart Again,Let You Break My Heart Again,"Laufey,Philharmonia Orchestra",269066,73,"opera,classical,orchestra",0.299,0.142,2,-15.134,0.0369,0.965,0.113,0.111,0.123,76.748,4
7fyG2MquxykO3Ufiku1Dj2,Treehouse,Treehouse,"Alex G,Emily Yacina",158801,75,,0.612,0.196,7,-19.489,0.0359,0.706,0.319,0.111,0.142,73.489,4
53IRnAWx13PYmoVYtemUBS,Femininomenon,The Rise and Fall of a Midwest Princess,Chappell Roan,219710,77,,0.609,0.758,0,-4.885,0.0525,0.139,0.00000538,0.11,0.236,124.949,4
1k2pQc5i348DCHwbn5KTdc,Pink Pony Club,The Rise and Fall of a Midwest Princess,Chappell Roan,258034,83,,0.61,0.65,6,-6.199,0.0474,0.399,0,0.11,0.507,106.719,4
4ZYAU4A2YBtlNdqOUtc7T2,Red Ruby Da Sleeze,Red Ruby Da Sleeze,Nicki Minaj,214445,56,,0.655,0.738,1,-6.235,0.254,0.108,0,0.11,0.314,99.4,4
1NZs6n6hl8UuMaX0UC0YTz,Brooklyn Baby,Ultraviolence (Deluxe),Lana Del Rey,351640,77,,0.404,0.664,1,-6.698,0.0407,0.542,0.00402,0.11,0.0949,107.747,4
2nMeu6UenVvwUktBCpLMK9,Young And Beautiful,Young And Beautiful,Lana Del Rey,236053,80,,0.324,0.416,11,-8.92,0.0368,0.262,0.0000369,0.11,0.151,113.986,4
43iIQbw5hx986dUEZbr3eN,From The Start,Bewitched,Laufey,169573,77,,0.554,0.339,1,-10.088,0.0779,0.886,0.00128,0.11,0.83,80.994,4
3bTzAFtvHyDWJcIyTQijGO,Michelle,Party Favors,Sir Chloe,214087,0,,0.352,0.442,4,-5.238,0.0297,0.0808,0.0000232,0.109,0.108,115.647,3
5wA5mA9v9lPxAaSg1FagG6,Big And Chunky,Madagascar: Escape 2 Africa (Music From The Motion Picture),will.i.am,201640,56,,0.965,0.783,6,-6.898,0.098,0.141,0.000231,0.109,0.863,119.94,4
6ZxPYutGhjLTrcmvcshCa4,Arabian Nights (2019),Aladdin (Original Motion Picture Soundtrack),Will Smith,193096,61,,0.445,0.532,8,-8.018,0.0405,0.254,0,0.109,0.465,128.776,4
5lwQGZYF4BXOzFtXc5zk8q,Head Over Heels - Dave Bascombe 7 N.Mix,Songs From The Big Chair (Deluxe),"Tears For Fears,Dave Bascombe",257315,67,"new wave,synthpop",0.623,0.739,7,-8.116,0.0244,0.338,0.0000188,0.109,0.642,95.007,4
1HYnjKqSSHh1tdl2Hi57zH,"Wasteland, Baby!","Wasteland, Baby!",Hozier,266466,58,,0.427,0.407,2,-9.665,0.0382,0.612,0.386,0.109,0.244,168.844,4
4KGGeE7RJsgLNZmnxGFlOj,Falling Behind,Everything I Know About Love,Laufey,173640,74,,0.449,0.353,7,-12.986,0.0915,0.942,0.0786,0.109,0.55,165.888,4
4KcH1ZRV2W1q7Flq0QqC76,Blitzkrieg Bop - 2016 Remaster,Ramones (40th Anniversary Deluxe Edition; 2016 Remaster),Ramones,134466,66,"punk,proto-punk",0.385,0.783,9,-2.533,0.233,0.000269,0.47,0.108,0.902,176.701,4
3vZUC1m6QVm7urnN6lcF64,Ghosting,O My Heart,Mother Mother,285986,10,,0.606,0.618,11,-5.1,0.0258,0.325,0.0019,0.108,0.237,92.061,4
37zuIvk4KBkAxxLJsxJaHq,Would That I,"Wasteland, Baby!",Hozier,268293,70,,0.521,0.526,5,-6.032,0.0281,0.243,0.00537,0.108,0.502,130.694,4
0zMAvsQmaQ4DGsmXtKixpn,Burning Pile,O My Heart,Mother Mother,262173,6,,0.516,0.755,5,-3.724,0.0383,0.0633,0.00103,0.107,0.165,140.099,4
4E6QZS2KoOE1U64yMrtpIN,Join Us for a Bite,All Five Nights,"JT Music,Andrea Storm Kaden",236511,61,nerdcore,0.595,0.752,1,-5.651,0.0361,0.0461,0,0.107,0.386,85.987,4
2n0U2OG5d6TuW5mKx7YrC0,Two Birds,Far,Regina Spektor,195840,68,,0.546,0.5,0,-8.881,0.0379,0.802,0.00108,0.107,0.449,150.92,4
6gz3orrUlKresI8GShSkdq,A Burning Hill,Puberty 2,Mitski,109627,59,,0.462,0.191,2,-14.993,0.0374,0.77,0.00264,0.107,0.0996,132.034,1
4zvvvHm0b5CBl37tocxm7n,Sunlight,"Wasteland, Baby!",Hozier,257346,54,,0.464,0.559,7,-4.209,0.0287,0.368,0.000176,0.106,0.368,115.349,4
3ty4jnVIJ9My8ZnXFMc0Fg,愛して 愛して 愛して,きくおミク3,Kikuo,252000,62,vocaloid,0.605,0.842,8,-4.747,0.0509,0.0862,0.00000308,0.106,0.35,115.008,3
2Co0IjcLTSHMtodwD4gzfg,I Bet on Losing Dogs,Puberty 2,Mitski,170240,77,,0.398,0.493,9,-9.561,0.0303,0.00347,0.000157,0.106,0.412,82.048,4
6suYoN4gFkanqOBn5yRnJC,Boys Will Be Bugs,Animal Kingdom,Cavetown,329049,63,bedroom pop,0.486,0.528,1,-11.722,0.0463,0.00387,0.000014,0.106,0.452,178.519,4
57V4uc2b2diZ4RPHXWecb9,Like Real People Do,Hozier (Expanded Edition),Hozier,198026,68,,0.539,0.179,7,-14.33,0.0309,0.921,0.393,0.106,0.145,140.01,3
51Grh1RyUDcMBbpuyUIUHI,rises the moon,recently,Liana Flores,161929,76,,0.483,0.129,5,-20.149,0.0349,0.947,0.145,0.106,0.203,137.35,3
0tGqk0HlYMQ16aj7yJwleF,Pretend,1234,alex_g_offline,359769,68,,0.611,0.703,9,-2.924,0.0282,0.0541,0.00000129,0.105,0.358,116.11,4
7wdwIaXUuzlu1grzWMFRJm,Mary On A Cross,[MESSAGE FROM THE CLERGY],Ghost,244804,59,"metal,hard rock",0.467,0.9,11,-4.505,0.0451,0.000187,0.000493,0.105,0.554,130.027,4
7DdXf9x75iEVCHWfoRwRuR,Fitzpleasure,An Awesome Wave,alt-J,219400,53,"indie,indie rock",0.584,0.594,9,-6.935,0.0487,0.142,0.00117,0.105,0.36,143.935,4
086myS9r57YsLbJpU0TgK9,Why'd You Only Call Me When You're High?,AM,Arctic Monkeys,161123,80,"indie,garage rock",0.691,0.631,2,-6.478,0.0368,0.0483,0.0000113,0.104,0.8,92.004,4
6OYt65uojulET7Kv7BRRrP,Milkshake,Milkshake,BBY KODIE,109109,44,,0.872,0.534,11,-11.152,0.28,0.00518,0.0000597,0.104,0.544,110.035,4
4RvWPyQ5RL0ao9LPZeSouE,Everybody Wants To Rule The World,Songs From The Big Chair (Super Deluxe Edition),Tears For Fears,251488,81,"new wave,synthpop",0.645,0.795,7,-12.095,0.0527,0.347,0.00389,0.104,0.535,112.067,4
2HZLXBOnaSRhXStMLrq9fD,Mary On A Cross,Seven Inches Of Satanic Panic,Ghost,244804,25,"metal,hard rock",0.466,0.9,11,-4.469,0.0447,0.000235,0.00104,0.103,0.561,130.02,4
7huo2wvrCgRucUsjdSDLQV,Ain't No Other Man,Back To Basics,Christina Aguilera,228906,56,,0.862,0.742,7,-4.722,0.222,0.00376,0.00855,0.103,0.511,127.91,4
5cxnSTLzGD1t9xcdmJYFVB,No Children,Tallahassee,The Mountain Goats,168306,54,"folk punk,indie folk",0.607,0.411,1,-7.566,0.0414,0.603,0.000671,0.103,0.412,84.94,4
05tkwIiIjcYXquRoObDh94,I Hate My Mom,I Sold My Soul to the Devil When I Was 12,GRLwood,153051,52,,0.369,0.864,9,-8.104,0.417,0.126,0.317,0.103,0.164,163.091,4
2pFKuQp8QLsp9Hl3YXuaGo,Cars That Go Boom,808: The Compilation,L'Trimm,234962,33,miami bass,0.953,0.536,1,-9.935,0.203,0.0161,0.0000174,0.103,0.305,119.903,4
3WxmlTZ85sCYFnuIXmUAEe,party favor,dont smile at me,Billie Eilish,204770,62,,0.826,0.188,0,-12.181,0.0883,0.882,0.00000283,0.103,0.205,130.022,4
2EOMe4XAS7U6UA1mhDs9tP,Despicable Me,Despicable Me,Pharrell Williams,252973,49,,0.782,0.333,11,-12.283,0.115,0.0481,0,0.102,0.32,84.99,4
2QjOHCTQ1Jl3zawyYOpxh6,Sweater Weather,I Love You.,The Neighbourhood,240400,85,,0.612,0.807,10,-2.81,0.0336,0.0495,0.0177,0.101,0.398,124.053,4
5G9qKplB5e4lIpSncwKWVE,Milk and Cookies,Cry Baby (Deluxe Edition),Melanie Martinez,206280,55,,0.568,0.613,0,-5.069,0.0254,0.104,0.00000623,0.101,0.426,89.951,4
0lsw4q8Jei7gEoV7kFe3DS,Lgbt,Audacious,cupcakKe,161332,41,,0.795,0.857,0,-8.676,0.162,0.172,0.0000176,0.101,0.419,124.967,4
11ZulcYY4lowvcQm4oe3VJ,Slumber Party (feat. Princess Nokia),DEMIDEVIL,"Ashnikko,Princess Nokia",178404,67,,0.964,0.398,11,-8.981,0.0795,0.00151,0.0000395,0.101,0.563,105.012,4
6qcflbvbBkqgicxlQlpcHm,Fishy Love,Fishy Love,Griffinilla,181484,34,,0.828,0.67,0,-11.323,0.0519,0.381,0.0000341,0.101,0.686,140.984,4
4w9soAM7IrmYDhSXLp14p6,Peaches,The Super Mario Bros. Movie (Original Motion Picture Soundtrack),Jack Black,95440,61,,0.698,0.312,10,-10.9,0.0483,0.797,0,0.1,0.419,92.138,4
4wCmqSrbyCgxEXROQE6vtV,Somebody That I Used To Know,Making Mirrors,"Gotye,Kimbra",244973,71,,0.864,0.495,0,-7.036,0.037,0.591,0.000133,0.0992,0.72,129.062,4
4xPoxOIE2P6GSWhSgNfrqs,Roller Derby Queen,Photographs & Memories: His Greatest Hits,Jim Croce,207893,0,"folk rock,singer-songwriter",0.698,0.669,4,-8.896,0.0416,0.488,0.0000126,0.0985,0.925,126.105,4
41K8qlXVHE5cDv7eifdk4G,Bad Ideas,Bad Ideas,Tessa Violet,179173,40,,0.786,0.523,0,-7.583,0.21,0.622,0.000671,0.0978,0.379,80.042,4
6nzXkCBOhb2mxctNihOqbb,Bad Girls,Matangi,M.I.A.,227520,69,,0.639,0.912,1,-2.621,0.0615,0.00107,0,0.097,0.343,143.448,4
4N2ibi4kcH4D5ZYYvMiKsg,Class of 2013,"Retired from Sad, New Career in Business",Mitski,109824,0,,0.44,0.22,0,-10.638,0.0427,0.939,0.000031,0.0969,0.122,125.53,3
5nVE45ithgyVocZp5XLAk6,The Bug Collector,I Need to Start a Garden,Haley Heynderickx,228459,63,,0.538,0.419,10,-9.705,0.0353,0.777,0.329,0.0967,0.529,99.622,4
5v2XzNRSvLB6AVO6gF5JSh,Fuck A Dude,Fuck A Dude,Mr Enro,148954,27,,0.825,0.611,7,-7.259,0.168,0.514,0,0.0965,0.533,91.078,4
1C042FLYy7rP3MfnkOcnha,Cherry Wine - Live,Hozier (Expanded Edition),Hozier,240146,64,,0.415,0.11,1,-14.901,0.0388,0.951,0.00236,0.0962,0.234,81.876,4
7w87IxuO7BDcJ3YUqCyMTT,Pumped Up Kicks,Torches,Foster The People,239600,80,,0.733,0.71,5,-5.849,0.0292,0.145,0.115,0.0956,0.965,127.975,4
7JTGwb6ug0z15F5roNLE0s,Two Time,Inchman / Two Time,Jack Stauber's Micropop,139850,59,,0.832,0.346,0,-9.64,0.036,0.112,0.0000129,0.0945,0.688,98.512,4
0y60itmpH0aPKsFiGxmtnh,Wait a Minute!,ARDIPITHECUS,WILLOW,196520,73,,0.764,0.705,3,-5.279,0.0278,0.0371,0.0000194,0.0943,0.672,101.003,4
1MOyN6opDPpLi3nTfgEcjS,Dirty Town,Touch Up,Mother Mother,152800,0,,0.642,0.594,9,-5.542,0.0654,0.441,0.0052,0.0941,0.648,114.344,4
2gvmxusSOe3vNjNDjQWaso,My Alcoholic Friends,"Yes, Virginia",The Dresden Dolls,167680,67,dark cabaret,0.596,0.679,4,-3.881,0.0324,0.18,0,0.0938,0.746,110.464,4
0qRR9d89hIS0MHRkQ0ejxX,Rich Girl,Bigger Than Both Of Us,Daryl Hall & John Oates,142786,74,soft rock,0.573,0.683,5,-6.644,0.176,0.461,0,0.0935,0.817,169.519,4
0qXP5fMhxGzxALOkXYUxfP,Loverboy,Helios,A-Wall,224520,20,bedroom pop,0.604,0.466,0,-10.093,0.0315,0.649,0.0334,0.093,0.499,120.045,4
68qjS7DsWSTfxuaKLcPc3j,Don't Mine At Night - Minecraft Parody,Don't Mine At Night - Minecraft Parody,Brad Knauber,217156,48,,0.725,0.852,11,-3.815,0.161,0.00425,0,0.0929,0.565,125.825,4
2WfaOiMkCvy7F5fcp2zZ8L,Take on Me,Hunting High and Low,a-ha,225280,80,"new wave,synthpop",0.573,0.902,6,-7.638,0.054,0.018,0.00125,0.0928,0.876,84.412,4
1WEKOnzzXkfqYJ9n5xoOS6,Cupid Gay Version,Cupid Gay Version,edd2e,120130,40,,0.719,0.715,6,-9.995,0.0358,0.141,0,0.0927,0.864,120.008,4
3RIgHHpnFKj5Rni1shokDj,Norman fucking Rockwell,Norman Fucking Rockwell!,Lana Del Rey,248934,68,,0.215,0.203,5,-12.65,0.0346,0.968,0.0585,0.0923,0.143,78.287,1
4sOX1nhpKwFWPvoMMExi3q,Primadonna,Electra Heart (Deluxe),MARINA,221075,68,,0.66,0.689,4,-2.671,0.0337,0.0884,0,0.0922,0.427,127.98,4
1Pt2STlAgfB1CiEV8mf3CN,Prince Ali,Aladdin (Original Motion Picture Soundtrack),Will Smith,209666,59,,0.409,0.765,10,-5.674,0.104,0.0574,0,0.0922,0.365,97.383,4
0kYMwaQWABTkFff8AZjmYI,Hayloft II,Inside (Deluxe),Mother Mother,215040,71,,0.326,0.866,9,-4.541,0.101,0.0044,0.00000737,0.0912,0.172,178.181,4
4Xn2RsLiDUDisOgJ24FigK,Pink Fluffy Unicorns Dancing On Rainbows,"Corduroys, With Tassles",Songs To Wear Pants To,93559,49,,0.964,0.554,5,-10.215,0.0598,0.29,0,0.0911,0.855,118.124,4
1ptwL6lZNLc654XAaHqcHb,Unknown / Nth,Unreal Unearth,Hozier,280106,62,,0.475,0.178,7,-9.976,0.0347,0.745,0.000189,0.0899,0.23,136.687,4
2LTCVKCcbKQBoqofOkI0fB,Army Dreamers,Never for Ever,Kate Bush,178640,57,"art pop,baroque pop,art rock",0.679,0.0742,4,-22.23,0.0664,0.74,0.000096,0.0897,0.318,144.002,3
3Yvk0ZLxMlt6ioasvdN6vB,Lemon Boy,Lemon Boy,Cavetown,272902,58,bedroom pop,0.509,0.478,4,-10.051,0.0392,0.185,0.0000014,0.0891,0.323,139.926,4
4fixebDZAVToLbUCuEloa2,Womanizer,Circus (Deluxe Version),Britney Spears,224400,75,pop,0.724,0.695,11,-5.226,0.0622,0.073,0,0.0889,0.235,139,4
7ySUcLPVX7KudhnmNcgY2D,S&M,Loud (Japan Version),Rihanna,243600,78,,0.769,0.685,1,-5.019,0.041,0.0105,0.000124,0.0887,0.836,127.977,4
6Uwi2Qk3H7fM4b4W4ExrAp,Scott Street,Stranger in the Alps,Phoebe Bridgers,305000,72,,0.508,0.417,10,-9.632,0.0296,0.77,0.0928,0.0887,0.483,134.944,4
5Q0Nhxo0l2bP3pNjpGJwV1,Party In The U.S.A.,The Time Of Our Lives,Miley Cyrus,202066,71,,0.652,0.698,10,-4.667,0.042,0.00112,0.000115,0.0886,0.47,96.021,4
0WbMK4wrZ1wFSty9F7FCgu,"Good Luck, Babe!","Good Luck, Babe!",Chappell Roan,218423,89,,0.7,0.582,11,-5.96,0.0356,0.0502,0,0.0881,0.785,116.712,4
3lPr8ghNDBLc2uZovNyLs9,Supermassive Black Hole,Black Holes and Revelations,Muse,212439,75,"alternative rock,rock",0.668,0.921,7,-3.727,0.0439,0.0492,0.00517,0.0877,0.782,120,4
6PpyKW3V4GtKK7hXm2sORT,Copacabana (At the Copa) - Long Version,Ultimate Manilow,Barry Manilow,340906,36,adult standards,0.679,0.843,5,-8.976,0.0679,0.0388,0.0216,0.087,0.836,116.517,4
24jvD83UgLmrdGjhWTFslY,Video Games,Born To Die - The Paradise Edition,Lana Del Rey,281960,60,,0.236,0.249,6,-9.595,0.0348,0.811,0.000001,0.087,0.181,72.847,5
6K1MMs1n24oLSzGoWJaGsF,Daycare Theme,Five Nights at Freddy's: Security Breach Original Soundtrack,Allen Simpson,148846,1,,0.95,0.427,8,-10.762,0.0711,0.603,0.000532,0.087,0.964,110.956,4
7rWgGyRK7RAqAAXy4bLft9,Angeleyes,Voulez-Vous,ABBA,260893,65,,0.719,0.922,11,-6.091,0.0338,0.523,0.000163,0.0867,0.964,133.113,4
5Ts1DYOuouQLgzTaisxWYh,Love Grows (Where My Rosemary Goes),Love Grows (Where My Rosemary Goes) & Other Gems,Edison Lighthouse,174760,69,,0.568,0.824,9,-4.613,0.0299,0.403,0,0.0855,0.753,108.625,4
07MDkzWARZaLEdKxo6yArG,Meet Me At Our Spot,THE ANXIETY,"THE ANXIETY,WILLOW,Tyler Cole",162680,68,,0.773,0.47,2,-7.93,0.0299,0.0153,0.000193,0.0851,0.399,94.995,4
4A8ts0wUeOYu7y11KAAPil,Munch (Feelin’ U),Like..? (Deluxe),Ice Spice,104160,37,,0.663,0.603,11,-5.595,0.364,0.348,0,0.085,0.598,132.873,3
5nHTLEJ10zaqdnKqLriah4,Carousel,Cry Baby (Deluxe Edition),Melanie Martinez,230160,60,,0.739,0.661,1,-5.35,0.0764,0.0958,0.0000188,0.0848,0.333,76.999,4
7FOgcfdz9Nx5V9lCNXdBYv,Red Wine Supernova,The Rise and Fall of a Midwest Princess,Chappell Roan,192720,80,,0.657,0.82,9,-4.448,0.0441,0.0176,0,0.0847,0.709,124.041,4
2cZ5ACJfBj2uAXARdHpjAW,The Anthem,The Boatlift,"Pitbull,Lil Jon",245054,55,crunk,0.793,0.781,10,-4.277,0.186,0.00459,0.00000168,0.0846,0.883,123.996,4
228BxWXUYQPJrJYHDLOHkj,Gasolina,Barrio Fino (Bonus Track Version),Daddy Yankee,192600,62,"reggaeton,latin",0.852,0.797,0,-6.543,0.0614,0.322,0.00000269,0.0845,0.741,96.008,4
5xo8RrjJ9CVNrtRg2S3B1R,Motion Sickness,Stranger in the Alps,Phoebe Bridgers,229760,70,,0.651,0.546,1,-9.021,0.0357,0.774,0.0437,0.0842,0.623,107.021,4
0JbSghVDghtFEurrSO8JrC,Country Girl (Shake It For Me),Tailgates & Tanlines,Luke Bryan,225560,71,"country,acoustic country",0.644,0.904,2,-4.532,0.0464,0.0295,0,0.0834,0.672,105.969,4
2TjdnqlpwOjhijHCwHCP2d,The Great Gig in the Sky,The Dark Side of the Moon,Pink Floyd,283872,69,"progressive rock,psychedelic rock,classic rock,symphonic rock,art rock,rock",0.274,0.217,5,-13.814,0.0345,0.767,0.896,0.0832,0.181,116.334,4
2tznHmp70DxMyr2XhWLOW0,Cigarette Daydreams,Melophobia,Cage The Elephant,208760,75,modern rock,0.636,0.676,2,-3.442,0.0263,0.0807,0,0.0831,0.273,113.98,4
5hM5arv9KDbCHS0k9uqwjr,Borderline,The Slow Rush,Tame Impala,237800,77,"indie,psychedelic pop",0.621,0.873,5,-3.067,0.0369,0.0406,0.0000091,0.0824,0.873,97.96,4
27L8sESb3KR79asDUBu8nW,Stacy's Mom,Welcome Interstate Managers,Fountains Of Wayne,197986,69,power pop,0.774,0.75,11,-4.927,0.0412,0.00207,0.0000178,0.0808,0.927,118.015,4
6MYJv37Mpj5njLLbxKWNun,Crush,Bad Ideas,Tessa Violet,216266,54,,0.91,0.402,1,-9.55,0.0857,0.0297,0.00018,0.0801,0.825,135.993,4
7gQ5c5HY6zMsIck6QLY9dJ,Hurricane,Hello My Name Is...,Bridgit Mendler,243986,64,,0.757,0.825,7,-4.062,0.0701,0.0398,0.00000263,0.0798,0.446,95.01,4
4omKMytsN5mudpBbAsZPOQ,Noel's Lament,Ride the Cyclone: The Musical (World Premiere Cast Recording),"Kholby Wardell,Scott Redmond,The Ride the Cyclone World Premiere Cast Recording Ensemble",299562,56,musicals,0.38,0.268,9,-13.719,0.106,0.618,0,0.0798,0.47,86.973,3
24nJkTk9cSrVFOthgYdjzr,La Vie Boheme,RENT (Original Motion Picture Soundtrack),Cast Of The Motion Picture Rent,419200,43,musicals,0.499,0.766,8,-5.484,0.127,0.353,0,0.0791,0.401,135.159,4
60jzFy6Nn4M0iD1d94oteF,Rude Boy,Rated R,Rihanna,222920,73,,0.563,0.75,11,-4.496,0.127,0.113,0,0.0788,0.812,173.909,4
2DnJjbjNTV9Nd5NOa1KGba,You're So Vain,No Secrets,Carly Simon,258411,74,,0.66,0.68,0,-8.18,0.0313,0.153,0.0000067,0.0784,0.671,106.187,4
4vrLJML3DDi4kzSslXBUfo,Dear Arkansas Daughter,After,Lady Lamb,352866,1,,0.324,0.582,7,-6.613,0.0319,0.0217,0.0000264,0.0783,0.264,111.505,4
5XzG0GT1WntHu1N1T2UVDJ,Out Tonight,RENT (Original Motion Picture Soundtrack),Rosario Dawson,234093,42,musicals,0.534,0.911,9,-2.826,0.0441,0.000111,0.000406,0.078,0.681,139.02,4
5FMXrphygZ4z3gVDHGWxgl,Copacabana (At the Copa),Dance Vault Mixes - Copacabana (At The Copa),Barry Manilow,236760,62,adult standards,0.606,0.899,7,-6.412,0.0758,0.333,0.000102,0.0754,0.66,116.735,4
5VJPBUVqxzLWmzzlJZy4r2,Rollin’ Girl,Exit Tunes Presents Supernova,wowaka,194000,0,vocaloid,0.498,0.848,0,-3.091,0.038,0.00466,0,0.0753,0.319,97.516,4
5faELzEtAxE5uGiRZd8mGO,Chocolate Salty Balls (From South Park),Chocolate Salty Balls (From South Park),Geek Music,201939,21,anime,0.783,0.568,1,-10.564,0.0519,0.0773,0,0.0749,0.804,121.169,4
2jQ1P0aGT4WkNyJCeoQnb9,PUNK TACTICS,PUNK TACTICS,Joey Valence & Brae,143609,66,,0.69,0.967,1,-1.752,0.377,0.0157,0,0.0742,0.513,97.974,4
58ge6dfP91o9oXMzq3XkIS,505,Favourite Worst Nightmare (Standard Version),Arctic Monkeys,253586,76,"indie,garage rock",0.52,0.852,0,-5.866,0.0543,0.00237,0.0000579,0.0733,0.234,140.267,4
3pYDZTJM2tVBUhIRifWVzI,Blow,Cannibal (Expanded Edition),Kesha,219973,67,,0.753,0.729,11,-3.862,0.0392,0.00334,0.0000566,0.073,0.812,120.013,4
6L33GgWMpd53M1vldLstrW,Bill Nye the Science Guy,Saturday Morning Acapella: Volume 4,Mr Dooves,31307,0,,0.73,0.671,0,-10.1,0.0376,0.155,0.0157,0.0726,0.974,130.842,4
3FD23QWCO0aP7fzKXHCDE8,The Red Means I Love You,Sunset on Summerville,Madds Buckley,233979,62,,0.282,0.302,2,-11.513,0.0344,0.0944,0.00000207,0.0726,0.19,78.881,4
6ic8OlLUNEATToEFU3xmaH,Gimme More,Blackout,Britney Spears,251240,78,pop,0.788,0.844,2,-3.131,0.0334,0.25,0.000678,0.0723,0.382,113.324,4
7jk7gqyEonmVVYahZN5zhW,Circus,Circus (Deluxe Version),Britney Spears,192360,73,pop,0.791,0.733,6,-5.215,0.052,0.147,0.000381,0.0713,0.761,114.98,4
4Phnrzy56Yt0VNooKCwr3p,I Want You,"Retired from Sad, New Career in Business",Mitski,183792,0,,0.286,0.292,3,-11.294,0.0362,0.514,0,0.0713,0.0635,131.58,3
0k2GOhqsrxDTAbFFSdNJjT,Temperature,The Trinity,Sean Paul,218573,76,dancehall,0.951,0.6,0,-4.675,0.0685,0.106,0,0.0712,0.822,125.04,4
0bYg9bo50gSsH3LtXe2SQn,All I Want for Christmas Is You,Merry Christmas,Mariah Carey,241106,74,christmas,0.336,0.627,7,-7.463,0.0384,0.164,0,0.0708,0.35,150.273,4
7qFg0joTjCiYOvzrt9nNtg,"Bad, Bad Leroy Brown",Photographs & Memories: His Greatest Hits,Jim Croce,180506,0,"folk rock,singer-songwriter",0.663,0.844,7,-6.211,0.0421,0.459,0,0.0701,0.817,148.013,4
2kA1PbyuNbykKsggpTHYjZ,Camel by Camel - Mix Vocal,People From Ibiza (The Very Best),Sandy Marton,355510,0,"italo disco,italo dance",0.65,0.932,11,-6.663,0.0382,0.0375,0.634,0.0701,0.93,109.96,4
77G0k1La0c5Dw8bAFANcyp,Sports,Sports,Beach Bunny,164165,4,,0.231,0.877,9,-5.278,0.0574,0.000653,0.026,0.0694,0.524,186.142,4
1ZihB5lgvfs5k3jON9wb3s,Join Us for a Bite - Remastered,Join Us for a Bite (Remastered),"JT Music,Andrea Storm Kaden",249767,37,nerdcore,0.56,0.804,8,-4.476,0.0507,0.0205,0,0.0692,0.427,171.888,4
2iQPYDwqxSan9N7Xg3venf,Vending Machine of Love,Vending Machine of Love (Theme from OnlyCans),The Stupendium,263225,53,nerdcore,0.713,0.905,10,-2.824,0.189,0.237,0,0.0691,0.685,93.04,4
0OPyDgTRuIdCJ9B4bYSths,Hotel Room Service,Pitbull Starring In Rebelution,Pitbull,237600,72,,0.85,0.631,1,-8.401,0.227,0.00684,0.000406,0.0679,0.738,126.002,4
7vWaeCBcobKgzJgbOl23KU,Bullet,American Tragedy (Deluxe Edition),Hollywood Undead,197813,58,"rap rock,rap metal",0.681,0.833,4,-4.334,0.122,0.179,0,0.0677,0.888,184.977,4
4AFsRbaLKRWo3dDtjDFA2V,Me and Your Mama,"Awaken, My Love!",Childish Gambino,379226,26,,0.545,0.442,5,-12.111,0.0352,0.0104,0.0271,0.0664,0.242,118.073,3
27K0tchvM5KszaSJEX7fj5,Witch Doctor,Alvin And The Chipmunks (Original Motion Picture Soundtrack),Chris Classic,182200,41,,0.832,0.928,1,-4.589,0.0571,0.0512,0.000224,0.0658,0.788,126.046,4
23nUNPrRMTUJNAHtPrL0Vp,Squidward Nose,Squidward Nose,cupcakKe,189863,0,,0.904,0.861,4,-5.132,0.249,0.252,0,0.0644,0.683,103.978,4
4Ls53fBNVfaXTROBi6X8Hw,Just Wanna Rock,Pink Tape,Lil Uzi Vert,123890,64,melodic rap,0.485,0.545,11,-7.924,0.0336,0.0651,0.00547,0.0642,0.0385,150.185,4
55MIRLbZzpYSmMlRt9ZDWM,30/90,"tick, tick... BOOM! (Soundtrack from the Netflix Film)","Andrew Garfield,Joshua Henry,Vanessa Hudgens,Robin de Jesus,Alexandra Shipp,MJ Rodriguez",262505,55,musicals,0.466,0.789,0,-5.956,0.0663,0.0146,0,0.0637,0.36,175.772,4
1o82DwNisONAd2mu1RcGE6,Margaret (feat. Bleachers),Did you know that there's a tunnel under Ocean Blvd,"Lana Del Rey,Bleachers",339890,76,,0.34,0.245,9,-13.352,0.0319,0.969,0.0992,0.0633,0.192,103.777,4
629DixmZGHc7ILtEntuiWE,LUNCH,HIT ME HARD AND SOFT,Billie Eilish,179586,81,,0.893,0.4,11,-7.981,0.0643,0.0452,0.0823,0.0632,0.945,124.987,4
06ioYJ99HHjzRk8HrGfkKS,Drugs,Drugs,UPSAHL,155866,54,,0.883,0.415,6,-8.571,0.174,0.35,0,0.063,0.318,76.986,4
4P6BuLsqtg5uISdE77ypI9,Ayy Ladies (feat. Tyga),From Day 1,"Travis Porter,Tyga",211293,61,,0.905,0.782,10,-3.604,0.164,0.096,0,0.0623,0.798,96.055,4
1R0a2iXumgCiFb7HEZ7gUE,Don’t Blame Me,reputation,Taylor Swift,236413,78,,0.615,0.534,9,-6.719,0.0386,0.106,0.0000176,0.0607,0.193,135.917,4
2ENexcMEMsYk0rVJigVD3i,Only Girl (In The World),Loud (Japan Version),Rihanna,235493,79,,0.789,0.706,11,-4.233,0.0429,0.112,0.0000171,0.0586,0.638,125.918,4
7AHhmlNBa9JZ7y9XgPrt6t,The Ballad of Sara Berry,35MM: A Musical Exhibition (Original Cast Recording),"Lindsay Mendez,35MM: A Musical Exhibition Original Cast",289586,39,musicals,0.772,0.615,8,-7.983,0.0633,0.113,0,0.0581,0.704,119.962,4
6XbBU3T9aPA4EtxC9dyMMv,Pokerface,Welcome To South Park,XtraGreen_,215510,0,,0.902,0.778,8,-9.43,0.0808,0.206,0,0.0575,0.73,119.025,4
3WSOUb3U7tqURbBSgZTrZX,Casual,The Rise and Fall of a Midwest Princess,Chappell Roan,232796,79,,0.508,0.411,1,-6.95,0.0269,0.226,0,0.0571,0.34,131.008,4
0z3XcxcrqvWe36Dtgiqrh0,Revenge,Revenge,"Captainsparklez,Tryhardninja",220208,52,,0.748,0.83,7,-3.2,0.0527,0.227,0,0.0564,0.761,119.939,4
2Msuiqt9sZojSKLVZcJp1l,Chop Chop Slide,Bang! Pow! Boom! Nuclear,Insane Clown Posse,362693,56,"horrorcore,rap rock",0.964,0.785,7,-2.222,0.224,0.113,0.00000539,0.0563,0.524,122.997,4
6a0G8hYEyxqvEkebVLU5VK,しかばねの踊り,きくおミク3,Kikuo,228339,60,vocaloid,0.7,0.834,6,-4.134,0.0323,0.259,0,0.0545,0.862,134.979,4
2GlV9w8oHSQdiPPk9lxqlp,Fine,Dinosaurchestra,Lemon Demon,279910,59,,0.705,0.806,0,-9.129,0.0405,0.0797,0.000169,0.0545,0.439,134.997,4
1Jo0Zg7XlrA6z0mFTZVdkn,Don't Stop The Music,Good Girl Gone Bad,Rihanna,267080,68,,0.834,0.669,6,-5.582,0.0637,0.0341,0.0000718,0.0535,0.547,122.669,4
1AWQoqb9bSvzTjaLralEkT,Rock Your Body,Justified,Justin Timberlake,267266,75,,0.892,0.714,4,-6.055,0.141,0.201,0.000234,0.0521,0.817,100.972,4
0O45fw2L5vsWpdsOdXwNAR,SexyBack (feat. Timbaland),FutureSex/LoveSounds,"Justin Timberlake,Timbaland",242733,77,,0.967,0.583,7,-5.562,0.0789,0.0584,0,0.0519,0.964,117,4
6CyHiyqSC7P5BAJZdgrQzO,Squidward Nose,Squidward Nose,cupcakKe,189807,53,,0.893,0.84,11,-5.038,0.295,0.305,0,0.0516,0.701,103.95,4
5R8oeZeq8AUiJuz5FIPR9m,Wrong Enemy !?,UNDERTALE Soundtrack,Toby Fox,58392,40,soundtrack,0.796,0.879,9,-10.676,0.105,0.11,0.874,0.0514,0.836,112.004,4
3JTMWdhcJPiegDSe7SvZS3,Cannibal,Cannibal (Expanded Edition),Kesha,194253,64,,0.71,0.68,1,-4.676,0.106,0.0078,0.0165,0.0493,0.571,129.971,4
3Vp4B9KshEPy72bwY0NJks,Tell Ur Girlfriend,After 7,Lay Bankz,124444,64,jersey club,0.867,0.743,7,-4.682,0.251,0.0943,0,0.0491,0.605,135.06,4
1foMv2HQwfQ2vntFf9HFeG,Rhinestone Eyes,Plastic Beach,Gorillaz,200173,71,,0.676,0.703,8,-5.815,0.0302,0.0869,0.000687,0.0463,0.852,92.761,4
1XXimziG1uhM0eDNCZCrUl,Up,Up,Cardi B,156944,61,,0.868,0.795,11,-6.044,0.269,0.0012,0.0193,0.0461,0.819,166,4
4QTqzaot78lDo2gkauEgq5,Sugar Rush - From Wreck-It Ralph/Soundtrack Version,Wreck-It Ralph,AKB48,194826,40,"j-pop,c-pop",0.588,0.867,11,-3.533,0.0331,0.0000394,0.0000273,0.0457,0.79,132.026,4
7fRvtXvJMpGfTLdF0M09a1,Talking In Your Sleep (2023 Remaster),In Heat (2023 Remaster),The Romantics,236625,63,power pop,0.7,0.927,9,-4.981,0.0358,0.0013,0.00124,0.0445,0.972,129.778,4
7txouAZgjqHcIPQQTzojyv,Bergentrückung,UNDERTALE Soundtrack,Toby Fox,21214,12,soundtrack,0.806,0.444,1,-15.026,0.257,0.025,0.805,0.0444,0,113.061,4
2yPoXCs7BSIUrucMdK5PzV,Umbrella,Good Girl Gone Bad,"Rihanna,JAY-Z",275986,68,"hip hop,east coast hip hop,rap",0.585,0.828,1,-4.603,0.124,0.00906,0,0.0426,0.584,174.034,4
5rb9QrpfcKFHM1EUbSIurX,Yeah! (feat. Lil Jon & Ludacris),Confessions (Expanded Edition),"USHER,Lil Jon,Ludacris",250373,80,"r&b,crunk,southern hip hop",0.894,0.791,2,-4.699,0.112,0.0183,0,0.0388,0.583,105.018,4
1uexV2mYuZmLhVz4G5LUZv,Funhouse,Funhouse (Expanded Edition),P!nk,204626,51,,0.792,0.864,11,-3.04,0.0338,0.00503,0.00000164,0.0375,0.832,103.932,4
08KTQSs3ickNki7FFTb6fY,The Cult of Dionysus,Cosmicandy,"The Orion Experience,ORION,Linda XO",187385,61,,0.661,0.836,1,-4.079,0.0297,0.00615,0,0.032,0.799,137.507,4
3lMzT16MjAKKXF7pSZn13B,Tell Ur Girlfriend,Tell Ur Girlfriend,Lay Bankz,124444,67,jersey club,0.866,0.741,7,-4.66,0.245,0.0933,0,0.0297,0.614,135.07,4
61YzdCCBPM5Pc7lIiD5i8C,Bang Bang,Troubadour,"K'NAAN,Adam Levine",186533,68,,0.623,0.901,10,-4.402,0.182,0.0785,0,0.0251,0.896,179.985,4
0LohatbcUXRauoeMlR1jnS,Pound The Alarm,Pink Friday ... Roman Reloaded,Nicki Minaj,205640,57,,0.728,0.858,9,-3.686,0.0609,0.0403,0.00000409,0.0241,0.591,125.055,4
6I0ivNW5YryeC3GQn56NAy,She Keeps Me Up,No Fixed Address,Nickelback,237666,1,"post-grunge,rock",0.766,0.725,9,-4.991,0.0369,0.0107,0.0000801,0.0237,0.741,100.008,4
3fao1RoZVQPtkHY8upjezr,drop pop candy (feat. ギガ),No title-,"Reol,Giga",224962,48,"vocaloid,j-pop,j-rock",0.698,0.942,6,-1.936,0.0537,0.0194,0.000181,0.0114,0.967,129.962,4
,undefined,undefined,undefined,,,,,,,,,,,,,,